EventName,SpeakerName,NodeID,IsBranch,Animation,Script,Result,DialogueEffect,EffectAmount
마을 이장에게 말걸기,렌,0,FALSE,,이봐. 자네' 우리 마을에서 못보던 얼굴이군.새로운 모험가인가?,,,
,코하쿠(Player),1,FALSE,,네' 그렇습니다.,,,
,렌,2,FALSE,,우리 마을에 온것을 환영하네.& 흠흠.. 일단 옷이 허름한 것 같으니 옷부터 챙겨 입어야 겠군.,,,
,,,TRUE,,메구미한테 한번 가 보라구. 메구미는 내 맞은 편 건물에 서 있을 걸세.,,,
,렌,3,FALSE,,오랜만의 외지인이라 메구미가 좋아하겠군. 잘 살펴가게.,ACCEPT,,
END,렌,4,FALSE,,아쉽구만' 다시 들려 달라구.,DECLINE,,
메구미에게 옷 받기,메구미,0,FALSE,,어? 렌님이 말씀하신 모험가님? & 우와~ 만나서 반가워요. 전 메구미라고 해요.,,,
,,,FALSE,,렌님이 말씀하신 대로 옷이 많이 허름하시군요? 일단 옷부터 갈아 입어야겠어요.,,,
,,,TRUE,,여기’ 이 옷들을 받아주시겠어요? 분명 모험가님에게 잘 어울릴거에요.,,,
,메구미,1,FALSE,,아! 옷은 인벤토리에 넣어드릴게요!,ACCEPT,,
,메구미,2,FALSE,,받은 장비는 상단의 인벤토리 버튼을 클릭하고’ 장비 버튼을 누르면 확인하실 수 있을 거에요.,,,
,메구미,3,FALSE,,잠시 후에 말을 다시 걸어주시겠어요?,,,
,메구미,4,FALSE,,바쁘시다면 뭐... 나중에 생각이 바뀌시면 들러주세요.,DECLINE,,
END,코하쿠(Player),5,FALSE,,나중에 들르겠습니다.,,,
메구미 장비 착용,메구미,0,FALSE,,자! 지금부터 장비를 착용하는 방법을 알려드릴게요.,,,
,,,FALSE,,우선 UI상단에 있는 장비 버튼을 눌러 주세요.,,,
,,,FALSE,,그리고 인벤토리의 장비들을 하나 씩 장비 창에 옮기면 장비들이 알맞은 자리로 들어간답니다.,,,
,,,TRUE,,장비를 한번 착용해 보시겠어요?,,,
END,,-1,FALSE,,END,ACCEPT,,
메구미 포션 기부,메구미,0,TRUE,,어서오세요. 모험가님. 마침 여분의 포션이 있어서 모험가님에게 남은 분량을 나눠 드리려고해요.,,,
,메구미,1,FALSE,,포션은 인벤토리에서 퀵슬롯으로 드래그하고 숫자를 누르면 아이템을 사용할 수 있어요.,ACCEPT,,
,,,FALSE,,흠흠..체력을 조금 깎아 드릴게요.,,,
,,,FALSE,,....(퍽),,DECREASE_HEALTH,100
,코하쿠(Player),2,FALSE,,윽...,,,
END,,-1,FALSE,,END,,,
문지기의 부탁,마이크(문지기),0,TRUE,,으흠.. 거기.. 당신... 강해보이는군..&다름이 아니라 부탁을 하나 할까 하는데. 좀 도와줄 수 있겠나?,,,
,마이크(문지기),1,FALSE,,요즘 늑대 무리들이 자주 나타나서 주민들이 불안에 떨고 있어.& 늑대의 영역에 들어가서 상황을 좀 살펴줄 수 있겠나? 늑대의 영역은 눈앞에 보이는 다리를 건너면 바로 들어갈 수 있어.,ACCEPT,,
END,마이크(문지기),2,FALSE,,음.. 보상은 충분히 챙겨줄 테니 다시 한번 생각해 보라구.,DECLINE,,
늑대영역 조사결과,마이크(문지기),0,FALSE,,뭐? 늑대들이 득실거렸다고? 그러고 보니 번식기가 지난지 꽤 되었군.. 그새 늘어나 버리다니..,,,
END,,,TRUE,,일단 개체수를 좀 줄여야겠어. 늑대 5 마리만 잡아와 주게. ,,,
늑대 사냥 완료,마이크(문지기),0,TRUE,,고맙군.. 감사의 의미로 보상을 좀 챙겨 주지..,,,
